jft173	q1.jpeg	A person studying at a desk with textbooks and a pen. Simple flat Japanese illustration. Minimal cartoon style, white background, no text.
jft173	q2.jpeg	A teacher standing in front of a blackboard in a classroom. Simple flat Japanese illustration. Minimal cartoon style, white background, no text.
jft183	q1.jpeg	A person holding a fire extinguisher to put out a small fire. Simple flat Japanese illustration. Minimal cartoon style, white background, no text.
jft188	q3.jpeg	A teacher pointing at a blackboard in a classroom. Simple flat Japanese illustration. Minimal cartoon style, white background, no text.
jft193	q1.jpeg	A person singing holding a microphone in a karaoke room. Simple flat Japanese illustration. Minimal cartoon style, white background, no text.
jft201	q2.jpeg	A person using a stapler to bind a stack of papers. Simple flat Japanese illustration. Minimal cartoon style, white background, no text.
jft204	q3.jpeg	A person sitting at a Kotatsu (heated table) eating oranges. Simple flat Japanese illustration. Minimal cartoon style, white background, no text.
jft208	q4.jpeg	A person checking their weight on a scale and looking happy. Simple flat Japanese illustration. Minimal cartoon style, white background, no text.
jft224	q3.jpeg	A laptop computer on a desk with a mouse. Simple flat Japanese illustration. Minimal cartoon style, white background, no text.
jft227	q3.jpeg	A local neighborhood association (chonaikai) meeting in a community center. Simple flat Japanese illustration. Minimal cartoon style, white background, no text.
jft228	q2.jpeg	A person using a handy electric fan to stay cool during a hot Japanese summer. Simple flat Japanese illustration. Minimal cartoon style, white background, no text.
jft229	q1.jpeg	A person envisioning their future career with icons of various professions (chef, engineer, nurse). Simple flat Japanese illustration. Minimal cartoon style, white background, no text.
jft229	q2.jpeg	A person proudly holding a professional certification or diploma. Simple flat Japanese illustration. Minimal cartoon style, white background, no text.
jft229	q3.jpeg	A person practicing a presentation in front of a mirror. Simple flat Japanese illustration. Minimal cartoon style, white background, no text.
jft234	q3.jpeg	A person playing a video game with a controller. Simple flat Japanese illustration. Minimal cartoon style, white background, no text.
jft235	q1.jpeg	A person looking at a travel brochure or website for vacation planning. Simple flat Japanese illustration. Minimal cartoon style, white background, no text.
jft238	q2.jpeg	A person helping an elderly person cross the street. Simple flat Japanese illustration. Minimal cartoon style, white background, no text.
jft238	q4.jpeg	A person teaching children at a community center. Simple flat Japanese illustration. Minimal cartoon style, white background, no text.
jft242	q3.jpeg	A person hanging a beautiful curtain on a window. Simple flat Japanese illustration. Minimal cartoon style, white background, no text.
jft247	q1.jpeg	A person looking at a travel brochure or map. Simple flat Japanese illustration. Minimal cartoon style, white background, no text.
jft249	q4.jpeg	A person receiving a library card from a librarian. Simple flat Japanese illustration. Minimal cartoon style, white background, no text.
jft250	q2.jpeg	A person pointing at an emergency exit sign with a green running man icon. Simple flat Japanese illustration. Minimal cartoon style, white background, no text.
jft254	q2.jpeg	A person looking at a discount sticker on a pack of meat. Simple flat Japanese illustration. Minimal cartoon style, white background, no text.
jft255	q3.jpeg	A group of people playing soccer together in a park. Simple flat Japanese illustration. Minimal cartoon style, white background, no text.
jft256	q1.jpeg	A person studying Japanese at a desk with textbooks and a notebook. Simple flat Japanese illustration. Minimal cartoon style, white background, no text.
jft256	q3.jpeg	A person using a dictionary (Denshi Jisho) to look up a word. Simple flat Japanese illustration. Minimal cartoon style, white background, no text.
jft261	q3.jpeg	A person greeting a neighbor with a polite bow (Aisatsu). Simple flat Japanese illustration. Minimal cartoon style, white background, no text.
jft262	q1.jpeg	A person looking at a colorful travel brochure for Kyoto. Simple flat Japanese illustration. Minimal cartoon style, white background, no text.
jft265	q4.jpeg	A person putting coins into a coin purse. Simple flat Japanese illustration. Minimal cartoon style, white background, no text.
jft267	q4.jpeg	A group of people singing together in a choir. Simple flat Japanese illustration. Minimal cartoon style, white background, no text.
jft268	q3.jpeg	A person using a tablet to draw a digital illustration. Simple flat Japanese illustration. Minimal cartoon style, white background, no text.
jft271	q4.jpeg	A child receiving an 'Otoshidama' envelope from an adult. Simple flat Japanese illustration. Minimal cartoon style, white background, no text.
jft285	q1.jpeg	A person looking at a hazard map of their neighborhood. Simple flat Japanese illustration. Minimal cartoon style, white background, no text.
jft287	q2.jpeg	A person receiving their monthly utility bill (electricity, water, gas). Simple flat Japanese illustration. Minimal cartoon style, white background, no text.
jft287	q3.jpeg	A person giving a small gift to their next-door neighbor (Hikkoshi-aisatsu). Simple flat Japanese illustration. Minimal cartoon style, white background, no text.
jft291	q3.jpeg	A group of people dancing a traditional Bon-Odori at a summer festival. Simple flat Japanese illustration. Minimal cartoon style, white background, no text.
jft295	q2.jpeg	A person borrowing Japanese textbooks from a public library. Simple flat Japanese illustration. Minimal cartoon style, white background, no text.
jft298	q3.jpeg	A group of people sharing a meal in a modern Japanese share house (Share House). Simple flat Japanese illustration. Minimal cartoon style, white background, no text.
jft300	q1.jpeg	A person participating in a local beach cleanup activity to protect marine life. Simple flat Japanese illustration. Minimal cartoon style, white background, no text.
jft302	q3.jpeg	A person eating Yakisoba from a festival stall (Yatai). Simple flat Japanese illustration. Minimal cartoon style, white background, no text.
jft306	q1.jpeg	A person writing a large Kanji character with a brush and ink (Shodo). Simple flat Japanese illustration. Minimal cartoon style, white background, no text.
jft314	q2.jpeg	A friendly-looking humanoid robot greeting people. Simple flat Japanese illustration. Minimal cartoon style, white background, no text.
jft32	q3.jpeg	A person running looking at their watch because they are late. Simple flat Japanese illustration. Minimal cartoon style, white background, no text.
jft32	q4.jpeg	A person pressing an emergency stop button on an escalator. Simple flat Japanese illustration. Minimal cartoon style, white background, no text.
jft321	q4.jpeg	A doctor using a stethoscope to check a patient's heartbeat. Simple flat Japanese illustration. Minimal cartoon style, white background, no text.
jft330	q3.jpeg	A person looking at a globe and a plane ticket, dreaming of traveling the world. Simple flat Japanese illustration. Minimal cartoon style, white background, no text.
jft339	q3.jpeg	A person using a dictionary app on their tablet to look up a word. Simple flat Japanese illustration. Minimal cartoon style, white background, no text.
jft34	q2.jpeg	A person holding their stomach with a pained expression, sitting on a bed. Simple flat Japanese illustration. Minimal cartoon style, white background, no text.
jft347	q3.jpeg	A person looking at a travel guidebook and a map. Simple flat Japanese illustration. Minimal cartoon style, white background, no text.
jft348	q3.jpeg	A person watching Anime on a TV screen with a bag of snacks. Simple flat Japanese illustration. Minimal cartoon style, white background, no text.
jft351	q1.jpeg	A caregiver helping an elderly person in a wheelchair. Simple flat Japanese illustration. Minimal cartoon style, white background, no text.
jft353	q4.jpeg	A delivery person with an electric bike and a red bag. Simple flat Japanese illustration. Minimal cartoon style, white background, no text.
jft36	q4.jpeg	A doctor listening to a patient's chest with a stethoscope. Simple flat Japanese illustration. Minimal cartoon style, white background, no text.
jft361	q3.jpeg	A convenience store staff member handing a bag to a customer with a bow. Simple flat Japanese illustration. Minimal cartoon style, white background, no text.
jft365	q4.jpeg	A person entering a 4-digit PIN (Anshobango) on a keypad. Simple flat Japanese illustration. Minimal cartoon style, white background, no text.
jft369	q3.jpeg	A person handing a utility bill (Haraikomi-hyo) to a store clerk. Simple flat Japanese illustration. Minimal cartoon style, white background, no text.
jft37	q4.jpeg	People wearing party hats and celebrating a birthday with a cake. Simple flat Japanese illustration. Minimal cartoon style, white background, no text.
jft371	q1.jpeg	A person holding their head with a thermometer in their mouth, looking like they have a fever (Netsu). Simple flat Japanese illustration. Minimal cartoon style, white background, no text.
jft375	q4.jpeg	People having a meeting (Kaigi) around a table. Simple flat Japanese illustration. Minimal cartoon style, white background, no text.
jft376	q4.jpeg	A person handing a bill/check (O-kaikei) to a cashier. Simple flat Japanese illustration. Minimal cartoon style, white background, no text.
jft380	q3.jpeg	A person looking at a hazard map (Hazādo-mappu). Simple flat Japanese illustration. Minimal cartoon style, white background, no text.
jft395	q2.jpeg	A person looking at a thermometer showing high summer heat (Mousho). Simple flat Japanese illustration. Minimal cartoon style, white background, no text.
jft397	q3.jpeg	A meeting of the neighborhood association (Chōnaikai). Simple flat Japanese illustration. Minimal cartoon style, white background, no text.
jft399	q2.jpeg	A person taking medicine with a glass of water (Kusuri-o-nomu). Simple flat Japanese illustration. Minimal cartoon style, white background, no text.
jft404	q4.jpeg	A person using a tablet to draw (Taburetto). Simple flat Japanese illustration. Minimal cartoon style, white background, no text.
jft405	q1.jpeg	A humanoid robot helping an elderly person (Robotto). Simple flat Japanese illustration. Minimal cartoon style, white background, no text.
jft407	q1.jpeg	A person bowing politely to a neighbor (Aisatsu). Simple flat Japanese illustration. Minimal cartoon style, white background, no text.
jft407	q3.jpeg	People queuing in a line (Junban). Simple flat Japanese illustration. Minimal cartoon style, white background, no text.
jft407	q4.jpeg	A person returning a lost wallet (Shoujiki). Simple flat Japanese illustration. Minimal cartoon style, white background, no text.
jft409	q2.jpeg	A person receiving a receipt (Ryoushuusho). Simple flat Japanese illustration showing a paper being handed over. Minimal cartoon style, white background, no text.
jft42	q3.jpeg	A person carrying heavy boxes and asking a colleague to help them. Simple flat Japanese illustration. Minimal cartoon style, white background, no text.
jft43	q3.jpeg	A person covering their ears because of loud construction noise outside. Simple flat Japanese illustration. Minimal cartoon style, white background, no text.
jft44	q2.jpeg	Two friends linking their pinky fingers together to make a promise. Simple flat Japanese illustration. Minimal cartoon style, white background, no text.
jft45	q2.jpeg	A happy family consisting of a father, mother, and two children standing together. Simple flat Japanese illustration. Minimal cartoon style, white background, no text.
jft45	q3.jpeg	A person waving their hands in front of them to politely decline an offer. Simple flat Japanese illustration. Minimal cartoon style, white background, no text.
jft46	q1.jpeg	A person pointing to a 'No Smoking' sign to explain the rule to another person. Simple flat Japanese illustration. Minimal cartoon style, white background, no text.
jft48	q2.jpeg	A person thinking about becoming a doctor in the future with a thought bubble showing a doctor. Simple flat Japanese illustration. Minimal cartoon style, white background, no text.
jft48	q4.jpeg	A person giving a thumbs-up sign to express that an idea is good. Simple flat Japanese illustration. Minimal cartoon style, white background, no text.
jft49	q4.jpeg	A person smiling and helping someone cross the street, showing a kind personality. Simple flat Japanese illustration. Minimal cartoon style, white background, no text.
jft50	q4.jpeg	A person patting their friend on the shoulder to comfort them when they look sad. Simple flat Japanese illustration. Minimal cartoon style, white background, no text.
jft51	q2.jpeg	A person asking a police officer for directions with a confused look. Simple flat Japanese illustration. Minimal cartoon style, white background, no text.
jft52	q1.jpeg	A person asking a coworker if they can borrow a stapler, pointing to it on the desk. Simple flat Japanese illustration. Minimal cartoon style, white background, no text.
jft52	q2.jpeg	A teacher pointing to a whiteboard, giving instructions to a class of students. Simple flat Japanese illustration. Minimal cartoon style, white background, no text.
jft52	q4.jpeg	A person returning a borrowed umbrella to a friend with a thankful smile. Simple flat Japanese illustration. Minimal cartoon style, white background, no text.
jft53	q2.jpeg	A person looking at a map and thinking about where to travel next year. Simple flat Japanese illustration. Minimal cartoon style, white background, no text.
jft54	q1.jpeg	A person holding two apples, one large and one small, comparing their sizes. Simple flat Japanese illustration. Minimal cartoon style, white background, no text.
jft54	q3.jpeg	A person raising their hand in a meeting to express their opinion. Simple flat Japanese illustration. Minimal cartoon style, white background, no text.
jft55	q3.jpeg	A group of people throwing confetti and congratulating a friend who won a prize. Simple flat Japanese illustration. Minimal cartoon style, white background, no text.
jft56	q2.jpeg	A person introducing themselves to a group of new people by bowing. Simple flat Japanese illustration. Minimal cartoon style, white background, no text.
jft56	q4.jpeg	A family of four (parents and two kids) having dinner together happily. Simple flat Japanese illustration. Minimal cartoon style, white background, no text.
jft57	q1.jpeg	A person inviting a friend to a party by handing them a colorful invitation card. Simple flat Japanese illustration. Minimal cartoon style, white background, no text.
jft57	q2.jpeg	A person pointing left to give directions to a lost tourist. Simple flat Japanese illustration. Minimal cartoon style, white background, no text.
jft57	q4.jpeg	A person crying tears of joy after receiving a bouquet of flowers. Simple flat Japanese illustration. Minimal cartoon style, white background, no text.
jft58	q2.jpeg	A person looking at a broken phone and crying, showing sad feelings. Simple flat Japanese illustration. Minimal cartoon style, white background, no text.
jft58	q4.jpeg	A person reminiscing about playing piano as a child, with a thought bubble of a younger self playing piano. Simple flat Japanese illustration. Minimal cartoon style, white background, no text.
jft60	q3.jpeg	A student raising their hand eagerly to answer a question in class. Simple flat Japanese illustration. Minimal cartoon style, white background, no text.
jft62	q2.jpeg	A person waiting at a bus stop, looking at their watch. Simple flat Japanese illustration. Minimal cartoon style, white background, no text.
jft63	q1.jpeg	A person practicing pronunciation loudly in front of a mirror. Simple flat Japanese illustration. Minimal cartoon style, white background, no text.
jft68	q4.jpeg	A person crying sadly after dropping their ice cream on the ground. Simple flat Japanese illustration. Minimal cartoon style, white background, no text.
jft71	q2.jpeg	A person helping an elderly person cross the street. Simple flat Japanese illustration. Minimal cartoon style, white background, no text.
jft72	q1.jpeg	A person holding a small, cute puppy gently in their arms. Simple flat Japanese illustration. Minimal cartoon style, white background, no text.
jft73	q4.jpeg	A person looking worried after losing their keys on the street. Simple flat Japanese illustration. Minimal cartoon style, white background, no text.
jft74	q1.jpeg	A person taking a book from a high shelf. Simple flat Japanese illustration. Minimal cartoon style, white background, no text.
jft76	q3.jpeg	A person laughing happily with friends. Simple flat Japanese illustration. Minimal cartoon style, white background, no text.
jft76	q4.jpeg	A person looking angry with arms crossed. Simple flat Japanese illustration. Minimal cartoon style, white background, no text.
jft77	q1.jpeg	A person trying to remember something while looking up. Simple flat Japanese illustration. Minimal cartoon style, white background, no text.
jft77	q3.jpeg	A person searching for their keys in an messy room. Simple flat Japanese illustration. Minimal cartoon style, white background, no text.
jft77	q4.jpeg	A person looking at a map on their smartphone to find a way. Simple flat Japanese illustration. Minimal cartoon style, white background, no text.
jft78	q1.jpeg	A person deciding which dress to buy between two options. Simple flat Japanese illustration. Minimal cartoon style, white background, no text.
jft78	q3.jpeg	A person successfully solving a difficult math problem on a blackboard. Simple flat Japanese illustration. Minimal cartoon style, white background, no text.
jft80	q2.jpeg	An older sibling teaching a younger sibling how to use a computer. Simple flat Japanese illustration. Minimal cartoon style, white background, no text.
jft80	q4.jpeg	A person giving a thumbs up to encourage a friend. Simple flat Japanese illustration. Minimal cartoon style, white background, no text.
jft83	q2.jpeg	A person with a band-aid on their finger. Simple flat Japanese illustration. Minimal cartoon style, white background, no text.
jft88	q1.jpeg	A large family gathering (grandparents, parents, children) having dinner. Simple flat Japanese illustration. Minimal cartoon style, white background, no text.
jft88	q2.jpeg	A small baby crawling on a soft mat. Simple flat Japanese illustration. Minimal cartoon style, white background, no text.
jft88	q4.jpeg	Two people shaking hands and smiling. Simple flat Japanese illustration. Minimal cartoon style, white background, no text.
jft90	q1.jpeg	A person writing their future plans or dreams in a notebook. Simple flat Japanese illustration. Minimal cartoon style, white background, no text.
jft90	q2.jpeg	A graduation cap and a diploma. Simple flat Japanese illustration. Minimal cartoon style, white background, no text.
jft90	q3.jpeg	A person looking at a calendar with a circled date for a trip. Simple flat Japanese illustration. Minimal cartoon style, white background, no text.
jft90	q4.jpeg	A person dreaming about traveling around the world. Simple flat Japanese illustration. Minimal cartoon style, white background, no text.
jft91	q1.jpeg	A person waking up early in the morning, stretching with the sun shining through the window. Simple flat Japanese illustration. Minimal cartoon style, white background, no text.
jft91	q2.jpeg	A person brushing their teeth in front of a bathroom mirror. Simple flat Japanese illustration. Minimal cartoon style, white background, no text.
jft91	q3.jpeg	A person waiting at a bus stop with a digital sign showing the next bus time. Simple flat Japanese illustration. Minimal cartoon style, white background, no text.
jft91	q4.jpeg	A person sitting at a desk and writing in a diary. Simple flat Japanese illustration. Minimal cartoon style, white background, no text.
jft92	q1.jpeg	A person looking at a supermarket shelf filled with various groceries. Simple flat Japanese illustration. Minimal cartoon style, white background, no text.
jft92	q2.jpeg	A person hanging up a 'Closed' sign on a store door. Simple flat Japanese illustration. Minimal cartoon style, white background, no text.
jft92	q3.jpeg	A person pointing to a price tag showing a 50% discount. Simple flat Japanese illustration. Minimal cartoon style, white background, no text.
jft93	q1.jpeg	A person sneezing and holding a tissue. Simple flat Japanese illustration. Minimal cartoon style, white background, no text.
jft93	q2.jpeg	A person holding their head with a pained expression. Simple flat Japanese illustration. Minimal cartoon style, white background, no text.
jft93	q3.jpeg	A bottle of medicine with some pills next to it. Simple flat Japanese illustration. Minimal cartoon style, white background, no text.
jft93	q4.jpeg	A person running on a treadmill at a gym. Simple flat Japanese illustration. Minimal cartoon style, white background, no text.
jft94	q1.jpeg	A person looking at a bright rainbow in the sky after a rain shower. Simple flat Japanese illustration. Minimal cartoon style, white background, no text.
jft94	q2.jpeg	A person holding an umbrella in a heavy thunderstorm with lightning. Simple flat Japanese illustration. Minimal cartoon style, white background, no text.
jft94	q3.jpeg	A person looking at a thermometer showing a very high temperature. Simple flat Japanese illustration. Minimal cartoon style, white background, no text.
jft94	q4.jpeg	A person watching pink cherry blossoms (sakura) falling from trees. Simple flat Japanese illustration. Minimal cartoon style, white background, no text.
jft95	q1.jpeg	A person looking at a flight information screen at an airport. Simple flat Japanese illustration. Minimal cartoon style, white background, no text.
jft95	q2.jpeg	A person receiving a key at a hotel reception desk. Simple flat Japanese illustration. Minimal cartoon style, white background, no text.
jft95	q3.jpeg	A person looking at a tourism map of a historical temple. Simple flat Japanese illustration. Minimal cartoon style, white background, no text.
jft95	q4.jpeg	A person taking a photo of a scenic mountain with a bridge in the foreground. Simple flat Japanese illustration. Minimal cartoon style, white background, no text.
jft96	q1.jpeg	A person playing a guitar in a room filled with music posters. Simple flat Japanese illustration. Minimal cartoon style, white background, no text.
jft96	q2.jpeg	A person painting a colorful landscape on a canvas. Simple flat Japanese illustration. Minimal cartoon style, white background, no text.
jft96	q3.jpeg	A person sitting on a sofa and reading a thick novel. Simple flat Japanese illustration. Minimal cartoon style, white background, no text.
jft96	q4.jpeg	A person tending to small bonsai trees in a garden. Simple flat Japanese illustration. Minimal cartoon style, white background, no text.
jft97	q1.jpeg	A person cleaning their living room with a vacuum cleaner. Simple flat Japanese illustration. Minimal cartoon style, white background, no text.
jft97	q2.jpeg	A traditional Japanese low table (kotatsu) with a bowl of oranges on top. Simple flat Japanese illustration. Minimal cartoon style, white background, no text.
jft97	q3.jpeg	A person hanging freshly washed clothes on a balcony to dry. Simple flat Japanese illustration. Minimal cartoon style, white background, no text.
jft97	q4.jpeg	A family of three (father, mother, child) sitting together and smiling. Simple flat Japanese illustration. Minimal cartoon style, white background, no text.
jft98	q1.jpeg	A person looking at a digital departure board at a train station. Simple flat Japanese illustration. Minimal cartoon style, white background, no text.
jft98	q2.jpeg	A person showing a travel pass (like Suica or Pasmo) to a ticket gate. Simple flat Japanese illustration. Minimal cartoon style, white background, no text.
jft98	q3.jpeg	A person waiting at a remote island ferry terminal. Simple flat Japanese illustration. Minimal cartoon style, white background, no text.
jft99	q1.jpeg	A person watching an exciting sports match on a large flat-screen TV. Simple flat Japanese illustration. Minimal cartoon style, white background, no text.
jft99	q2.jpeg	A person sitting in a theater with a bucket of popcorn and wearing 3D glasses. Simple flat Japanese illustration. Minimal cartoon style, white background, no text.
jft99	q3.jpeg	A person wearing headphones and listening to music on their smartphone. Simple flat Japanese illustration. Minimal cartoon style, white background, no text.
jft99	q4.jpeg	A person playing a video game with a controller. Simple flat Japanese illustration. Minimal cartoon style, white background, no text.
